Altium Designer Pick and Place Locations
C:\Work\OURASI-CURIOSITY\06_Hardware\REV2\DESIGN_FILES\Project_Outputs\Standard\PNP\04-12065-REV2_Standard_PNP.csv

========================================================================================================================
File Design Information:

Date:       19/02/24
Time:       10:44
Revision:   43999
Variant:    Standard
Units used: mm

"Designator","Comment","Layer","Footprint","Center-X(mm)","Center-Y(mm)","Rotation","Description"
"R119","Resistor","BottomLayer","RES_C_0402","108.4750","50.4500","270","Resistor"
"R99","Resistor","BottomLayer","RES_C_0402","58.9000","24.7250","180","Resistor"
"R94","Resistor","TopLayer","RES_C_0402","64.7250","22.2750","180","Resistor"
"FB15","Ferrite Bead","BottomLayer","IND_C_0603","107.4500","105.3250","180",""
"Q7","Transistor MOS-N GSD","BottomLayer","SOT-23-3","117.3000","95.8250","270","Transistor MOS"
"Q6","Transistor MOS-N GSD","BottomLayer","SOT-23-3","122.5750","95.1250","270","Transistor MOS"
"D9","ESD_ECMF02-4CMX8","TopLayer","DIODE_ESD_ECMF02-4CMX8","107.8500","104.4500","270","IC ESD FILTER COMM MODE 8-UQFN"
"R159","Resistor","TopLayer","RES_C_0402","50.0750","29.8500","0","Resistor"
"R158","Resistor","BottomLayer","RES_C_0402","48.1000","22.8500","180","Resistor"
"R153","Resistor","TopLayer","RES_C_0402","68.7000","25.2000","0","Resistor"
"R152","Resistor","BottomLayer","RES_C_0402","61.3250","21.0000","0","Resistor"
"R151","Resistor","BottomLayer","RES_C_0402","64.2000","21.7750","0","Resistor"
"J12","Header 1x3","TopLayer","HDR_M_2.54_1x3","69.9750","23.0750","180",""
"D8","Diode Schottky Dual CK","TopLayer","SOT-23-3","156.5250","80.2000","180",""
"R53","Resistor","TopLayer","RES_C_0402","66.2500","51.5250","270","Resistor"
"R73","Resistor","BottomLayer","RES_C_0402","101.2500","7.0500","270","Resistor"
"R70","Resistor","BottomLayer","RES_C_0402","102.2500","7.0500","270","Resistor"
"R68","Resistor","BottomLayer","RES_C_0402","99.8000","7.0500","270","Resistor"
"R66","Resistor","BottomLayer","RES_C_0402","98.8000","7.0500","270","Resistor"
"R60","Resistor","BottomLayer","RES_C_0402","97.3000","7.0500","270","Resistor"
"R56","Resistor","BottomLayer","RES_C_0402","94.9750","7.0500","270","Resistor"
"R52","Resistor","BottomLayer","RES_C_0402","93.1250","7.0250","270","Resistor"
"U6","AS4C512M16D3LA-10BIN TFBGA-96","TopLayer","TFBGA-96_13.5x9","105.0000","78.1000","0","8Gb DDR3L-1866 SDRAM, 512Mb x 16, -40C to +95C"
"R49","Resistor","BottomLayer","RES_C_0201","109.4500","76.5000","180","Resistor"
"R48","Resistor","TopLayer","RES_C_0201","98.5870","71.8000","0","Resistor"
"R47","Resistor","TopLayer","RES_C_0201","98.5870","71.2250","180","Resistor"
"R45","Resistor","TopLayer","RES_C_0201","100.6000","70.4000","180","Resistor"
"C116","Capacitor NP","TopLayer","CAP_C_0402","97.5750","71.5000","270","Capacitor"
"C114","Capacitor NP","BottomLayer","CAP_C_0402","97.2000","67.0750","0","Capacitor"
"C112","Capacitor NP","BottomLayer","CAP_C_0201","90.3250","60.8250","270",""
"C110","Capacitor NP","BottomLayer","CAP_C_0201","94.2750","61.8000","0",""
"C108","Capacitor NP","BottomLayer","CAP_C_0201","95.7500","67.0000","90",""
"C105","Capacitor NP","BottomLayer","CAP_C_0201","89.6750","60.8250","270",""
"C103","Capacitor NP","BottomLayer","CAP_C_0201","88.7000","62.5250","180",""
"C101","Capacitor NP","BottomLayer","CAP_C_0201","96.5000","62.4500","0",""
"C98","Capacitor NP","BottomLayer","CAP_C_0402","103.0250","81.3000","90","Capacitor"
"C95","Capacitor NP","BottomLayer","CAP_C_0201","97.0000","66.0250","0","Capacitor"
"C92","Capacitor NP","BottomLayer","CAP_C_0201","101.6000","80.5000","90","Capacitor"
"C89","Capacitor NP","BottomLayer","CAP_C_0201","108.2000","81.6750","90","Capacitor"
"C86","Capacitor NP","BottomLayer","CAP_C_0201","109.3000","72.5000","270","Capacitor"
"C84","Capacitor NP","BottomLayer","CAP_C_0201","106.8500","79.7000","0","Capacitor"
"C81","Capacitor NP","BottomLayer","CAP_C_0201","109.0250","78.9000","90","Capacitor"
"C79","Capacitor NP","BottomLayer","CAP_C_0201","107.8000","84.1250","0","Capacitor"
"Y5","Crystal 4 Pins","TopLayer","CRYSTAL_L2.0W1.6H0.5_FA-128","138.7000","60.5250","0",""
"Y4","OSCILLATOR 4 Pins","TopLayer","OSCILLATOR_ASAK_L2W1.6H0.7","56.5750","19.1500","180",""
"Y3","Crystal 2 Pins","TopLayer","CRYSTAL_FC-12M_L2.05W1.2H0.6","92.8000","44.5000","0","Crystal"
"Y1","Crystal 4 Pins","TopLayer","CRYSTAL_L2.0W1.6H0.5_FA-128","95.9750","45.2750","90",""
"U19","MCP170X SOT-23-3_SOT-23A-3","TopLayer","SOT-23-3","8.6000","30.1250","90","LDO"
"U18","MCP2542 DFN-8","BottomLayer","DFN-8_3x3_EP2.4X1.55","147.6750","49.7000","270",""
"U17","MCP2542 DFN-8","BottomLayer","DFN-8_3x3_EP2.4X1.55","134.8250","49.6750","270",""
"U16","MCP2542 DFN-8","BottomLayer","DFN-8_3x3_EP2.4X1.55","160.2750","49.7500","270",""
"U15","MIC2026-2076 DIP-8 SOIC-8","BottomLayer","SOIC-8","99.5250","100.3750","90",""
"U14","LAN8840_QFN-48","TopLayer","QFN-48_7x7_EP5.1x5.1","136.2250","68.5000","180",""
"U13","MIC33153 VFDFN-14","TopLayer","VFDFN-14_3X3.5_MIC33153","132.4250","60.4750","180",""
"U11","MIC94085YFT MLF-4","BottomLayer","MLF-4_0.85X0.85mm","29.6500","63.7500","0",""
"U10","MIC5219 MSOP-8","BottomLayer","MSOP-8","35.8000","61.4000","90","LDO Regulator"
"U9","SST26VF064B-104IMF","TopLayer","WSON-8_6x5_EP3.4X4.0","74.0000","65.0250","0","SQI Serial Flash"
"U7","24XXXX SOT-23-6","TopLayer","SOT-23-6","75.0598","87.8946","0",""
"U8","MX30LF4G28AD-XKI VFBGA-63","TopLayer","VFBGA-63_P0.8_9x11x1","74.0000","76.0000","0",""
"U5","SAMA7D65","TopLayer","TFBGA-343_14x14","90.0000","60.5000","180","SAMA7D65 MPU 1000MHz Cortex-A7 TFBGA-343"
"U4","PAC1934 UQFN-16","TopLayer","UQFN-16_4X4_EP2.6X2.6","133.9715","78.3243","270",""
"U3","MCP16502 QFN-32","TopLayer","QFN-32_5X5_EP3.7X3.7","133.8000","87.5000","90",""
"U2","MCP2221 SOIC-14_TSSOP-14_PDIP-14","BottomLayer","SOIC-14","10.8750","90.9500","180",""
"U12","IDTQS3VH257 TSSOP-16","TopLayer","TSSOP-16","59.4000","23.9000","0",""
"U1","MIC23450 QFN-32","TopLayer","QFN-32_5X5_EP3.1X3.1","54.5250","51.7250","180","MIC23450 QFN-32"
"TP8","Test Point No BOM","BottomLayer","TP_1mm_SMD","138.4750","63.4250","90","Test Point"
"TP7","Test Point No BOM","BottomLayer","TP_1mm_SMD","142.2250","69.2500","90","Test Point"
"TP6","Test Point No BOM","BottomLayer","TP_1mm_SMD","140.6750","61.0750","90","Test Point"
"TP5","Test Point No BOM","TopLayer","TP_1mm_SMD","125.8750","78.0750","90","Test Point"
"TP4","Test Point No BOM","TopLayer","TP_1mm_SMD","123.4500","77.5250","90","Test Point"
"TP3","Test Point No BOM","TopLayer","TP_1mm_SMD","144.1250","77.8250","90","Test Point"
"TP2","Test Point No BOM","TopLayer","TP_1mm_SMD","141.6750","77.6500","90","Test Point"
"TP1","Test Point No BOM","TopLayer","TP_1mm_SMD","121.4000","75.1250","90","Test Point"
"SW4","Switch 4 Pin","TopLayer","SW_SMD_4.5mmX4.5mm_PTS647","67.0000","10.7250","0","Switch"
"SW3","Switch 4 Pin","TopLayer","SW_SMD_4.5mmX4.5mm_PTS647","123.0000","10.7250","0","Switch"
"SW2","Switch 4 Pin","TopLayer","SW_SMD_4.5mmX4.5mm_PTS647","104.0000","10.7250","0","Switch"
"SW1","Switch 4 Pin","TopLayer","SW_SMD_4.5mmX4.5mm_PTS647","86.0000","10.7250","0","Switch"
"STANDOFF1","Standoff M-F","TopLayer","MECH_HW_STAND-OFF_9774025243","18.4300","17.2800","90",""
"R256","Resistor","BottomLayer","RES_C_0402","147.3500","3.1250","180","Resistor"
"R255","Resistor","BottomLayer","RES_C_0402","144.8500","3.1250","180","Resistor"
"R254","Resistor","BottomLayer","RES_C_0402","137.2750","9.0000","0","Resistor"
"R253","Resistor","BottomLayer","RES_C_0402","139.7000","3.1250","180","Resistor"
"R252","Resistor","BottomLayer","RES_C_0402","137.1250","3.1250","180","Resistor"
"R251","Resistor","BottomLayer","RES_C_0402","142.7250","57.1500","90","Resistor"
"R249","Resistor","TopLayer","RES_C_0402","11.9000","38.0000","180","Resistor"
"R248","Resistor","TopLayer","RES_C_0402","8.4250","38.0000","180","Resistor"
"R247","Resistor","TopLayer","RES_C_0402","7.8500","26.5750","0","Resistor"
"R246","Resistor","TopLayer","RES_C_0402","7.8500","25.5750","0","Resistor"
"R245","Resistor","TopLayer","RES_C_0402","11.9000","37.0000","0","Resistor"
"R244","Resistor","TopLayer","RES_C_0402","8.4250","37.0000","0","Resistor"
"R243","Resistor","TopLayer","RES_C_0402","72.2000","9.6250","90","Resistor"
"R242","Resistor","TopLayer","RES_C_0402","49.7500","78.3750","0","Resistor"
"R241","Resistor","TopLayer","RES_C_0402","53.0250","74.7000","270","Resistor"
"R240","Resistor","TopLayer","RES_C_0402","53.0250","76.6000","90","Resistor"
"R239","Resistor","TopLayer","RES_C_0402","57.6250","76.7000","90","Resistor"
"R238","Resistor","TopLayer","RES_C_0402","60.6750","74.0000","180","Resistor"
"R237","Resistor","TopLayer","RES_C_0402","110.2000","9.5750","90","Resistor"
"R236","Resistor","TopLayer","RES_C_0402","109.2000","9.5750","90","Resistor"
"R235","Resistor","TopLayer","RES_C_0402","91.4750","9.6250","90","Resistor"
"R234","Resistor","BottomLayer","RES_C_1210","143.3750","46.3750","180","Resistor"
"R233","Resistor","BottomLayer","RES_C_0402","127.2750","39.8250","180","Resistor"
"R232","Resistor","BottomLayer","RES_C_0402","127.2750","37.3000","180","Resistor"
"R231","Resistor","BottomLayer","RES_C_0402","127.2750","34.7500","180","Resistor"
"R230","Resistor","BottomLayer","RES_C_1210","143.3500","52.1500","0","Resistor"
"R229","Resistor","BottomLayer","RES_C_1210","130.5250","46.3250","180","Resistor"
"R228","Resistor","BottomLayer","RES_C_1210","156.0000","46.4500","180","Resistor"
"R227","Resistor","BottomLayer","RES_C_1210","130.5250","52.2750","0","Resistor"
"R226","Resistor","BottomLayer","RES_C_1210","155.9750","52.2000","0","Resistor"
"R225","Resistor","BottomLayer","RES_C_0402","135.0750","34.3500","0","Resistor"
"R224","Resistor","BottomLayer","RES_C_0402","135.0750","33.3497","0","Resistor"
"R221","Resistor","BottomLayer","RES_C_0402","72.6000","111.4000","90","Resistor"
"R220","Resistor","BottomLayer","RES_C_0402","156.4000","14.5250","0","Resistor"
"R219","Resistor","BottomLayer","RES_C_0402","97.6250","95.7000","90","Resistor"
"R218","Resistor","BottomLayer","RES_C_0402","101.4500","95.7000","90","Resistor"
"R217","Resistor","BottomLayer","RES_C_0402","98.8750","95.7000","270","Resistor"
"R216","Resistor","BottomLayer","RES_C_0402","100.1500","95.7000","270","Resistor"
"R215","Resistor","TopLayer","RES_C_0402","148.7000","86.9500","270","Resistor"
"R214","Resistor","TopLayer","RES_C_0402","157.4500","87.3750","180","Resistor"
"R213","Resistor","TopLayer","RES_C_0402","155.2250","85.8250","270","Resistor"
"R212","Resistor","TopLayer","RES_C_0402","157.2250","83.0250","90","Resistor"
"R211","Resistor","TopLayer","RES_C_0402","148.7000","84.9500","270","Resistor"
"R210","Resistor","TopLayer","RES_C_0402","157.4500","86.3750","180","Resistor"
"R208","Resistor","TopLayer","RES_C_0402","43.5500","73.1250","180","Resistor"
"R207","Resistor","TopLayer","RES_C_0402","43.5500","72.1250","180","Resistor"
"R206","Resistor","TopLayer","RES_C_0402","43.5500","71.1250","180","Resistor"
"R205","Resistor","TopLayer","RES_C_0402","43.5500","70.1250","180","Resistor"
"R204","Resistor","TopLayer","RES_C_0402","43.5500","69.1250","180","Resistor"
"R203","Resistor","TopLayer","RES_C_0402","43.5500","68.1250","180","Resistor"
"R202","Resistor","BottomLayer","RES_C_0402","109.0000","29.9500","270","Resistor"
"R201","Resistor","BottomLayer","RES_C_0402","27.1750","44.0750","0","Resistor"
"R199","Resistor","TopLayer","RES_C_0402","28.6750","51.7000","90","Resistor"
"R198","Resistor","TopLayer","RES_C_0402","29.6750","51.7000","90","Resistor"
"R196","Resistor","TopLayer","RES_C_0402","57.4500","59.3500","0","Resistor"
"R195","Resistor","TopLayer","RES_C_0402","58.3750","56.1500","180","Resistor"
"R197","Resistor","TopLayer","RES_C_0402","43.2250","54.5500","180","Resistor"
"R190","Resistor","TopLayer","RES_C_0402","139.7250","63.8500","0","Resistor"
"R189","Resistor","BottomLayer","RES_C_0402","129.7250","66.6750","0","Resistor"
"R188","Resistor","BottomLayer","RES_C_0402","127.8250","67.2250","0","Resistor"
"R187","Resistor","TopLayer","RES_C_0402","130.2500","68.3000","0","Resistor"
"R186","Resistor","TopLayer","RES_C_0402","127.8250","65.1750","0","Resistor"
"R185","Resistor","TopLayer","RES_C_0402","138.0250","57.6750","270","Resistor"
"R183","Resistor","TopLayer","RES_C_0402","140.9750","73.9750","90","Resistor"
"R182","Resistor","TopLayer","RES_C_0402","141.4750","71.2750","0","Resistor"
"R181","Resistor","TopLayer","RES_C_0402","160.4750","77.9750","180","Resistor"
"R180","Resistor","TopLayer","RES_C_0402","155.5250","77.7000","0","Resistor"
"R179","Resistor","TopLayer","RES_C_0402","137.9750","73.9750","90","Resistor"
"R178","Resistor","TopLayer","RES_C_0402","127.8250","64.1750","180","Resistor"
"R177","Resistor","TopLayer","RES_C_0402","129.7250","63.6750","180","Resistor"
"R176","Resistor","TopLayer","RES_C_0402","130.2500","71.2750","180","Resistor"
"R175","Resistor","TopLayer","RES_C_0402","130.2500","69.3000","180","Resistor"
"R174","Resistor","TopLayer","RES_C_0402","127.8250","66.1750","180","Resistor"
"R173","Resistor","TopLayer","RES_C_0402","129.7250","65.6750","180","Resistor"
"R170","Resistor","TopLayer","RES_C_0402","130.2500","70.2750","180","Resistor"
"R169","Resistor","TopLayer","RES_C_0402","129.7250","64.6750","180","Resistor"
"R168","Resistor","TopLayer","RES_C_0402","135.8250","63.5750","180","Resistor"
"R167","Resistor","TopLayer","RES_C_0402","129.1500","62.2250","270","Resistor"
"R166","Resistor","BottomLayer","RES_C_0402","132.5250","62.3750","180","Resistor"
"R165","Resistor","BottomLayer","RES_C_0603","155.9750","76.9500","180","Resistor"
"R164","Resistor","TopLayer","RES_C_0603","160.9250","79.1250","180","Resistor"
"R163","Resistor","TopLayer","RES_C_0402","131.4500","57.8000","180","Resistor"
"R162","Resistor","BottomLayer","RES_C_0402","129.0000","60.5000","180","Resistor"
"R161","Resistor","TopLayer","RES_C_0402","129.4500","59.4500","90","Resistor"
"R160","Resistor","BottomLayer","RES_C_0402","129.0000","59.4750","180","Resistor"
"R157","Resistor","TopLayer","RES_C_0402","56.0000","6.1000","0","Resistor"
"R156","Resistor","BottomLayer","RES_C_0402","59.0500","21.0000","180","Resistor"
"R155","Resistor","BottomLayer","RES_C_0402","59.0000","19.1500","180","Resistor"
"R154","Resistor","TopLayer","RES_C_0402","58.5750","19.1000","270","Resistor"
"R150","Resistor","BottomLayer","RES_C_0402","64.1750","25.8000","270","Resistor"
"R149","Resistor","BottomLayer","RES_C_0402","57.0000","24.2500","0","Resistor"
"R148","Resistor","TopLayer","RES_C_0402","65.6250","25.1750","180","Resistor"
"R134","Resistor","BottomLayer","RES_C_0402","77.9250","65.4000","270","Resistor"
"R133","Resistor","BottomLayer","RES_C_0402","80.4250","63.7250","180","Resistor"
"R71","Resistor","TopLayer","RES_C_0402","68.5250","51.5250","270","Resistor"
"R61","Resistor","TopLayer","RES_C_0402","65.1500","51.4750","270","Resistor"
"R147","Resistor","BottomLayer","RES_C_0402","29.0250","62.1250","270","Resistor"
"R146","Resistor","BottomLayer","RES_C_0402","28.3750","52.9500","0","Resistor"
"R145","Resistor","BottomLayer","RES_C_0402","28.3750","54.1750","0","Resistor"
"R144","Resistor","BottomLayer","RES_C_0402","28.3750","72.0500","180","Resistor"
"R143","Resistor","BottomLayer","RES_C_0402","28.3750","74.5500","180","Resistor"
"R142","Resistor","BottomLayer","RES_C_0402","28.3750","55.4250","180","Resistor"
"R141","Resistor","BottomLayer","RES_C_0402","28.3750","57.1250","180","Resistor"
"R140","Resistor","BottomLayer","RES_C_0402","28.3750","69.5500","180","Resistor"
"R139","Resistor","BottomLayer","RES_C_0402","33.5500","61.1000","270","Resistor"
"R138","Resistor","BottomLayer","RES_C_0402","36.6000","68.5750","0","Resistor"
"R137","Resistor","BottomLayer","RES_C_0402","33.5500","59.2000","270","Resistor"
"R135","Resistor","BottomLayer","RES_C_0402","34.9250","57.7500","0","Resistor"
"R132","Resistor","TopLayer","RES_C_0402","70.8000","62.0500","270","Resistor"
"R131","Resistor","BottomLayer","RES_C_0402","77.3250","78.0000","90","Resistor"
"R128","Resistor","TopLayer","RES_C_0402","74.6000","90.6250","0","Resistor"
"R130","Resistor","TopLayer","RES_C_0402","71.9250","82.3000","180","Resistor"
"R129","Resistor","TopLayer","RES_C_0402","68.7000","78.3500","270","Resistor"
"R126","Resistor","BottomLayer","RES_C_0402","104.1997","7.0500","270","Resistor"
"R124","Resistor","BottomLayer","RES_C_0402","87.6497","7.0500","270","Resistor"
"R122","Resistor","BottomLayer","RES_C_0402","89.6500","7.0500","270","Resistor"
"R120","Resistor","BottomLayer","RES_C_0402","47.3250","12.6500","180","Resistor"
"R118","Resistor","TopLayer","RES_C_0402","74.3533","7.4231","270","Resistor"
"R117","Resistor","BottomLayer","RES_C_0402","47.3250","11.6500","180","Resistor"
"R115","Resistor","BottomLayer","RES_C_0402","146.6250","14.0250","90","Resistor"
"R113","Resistor","BottomLayer","RES_C_0402","150.9000","86.5500","0","Resistor"
"R112","Resistor","BottomLayer","RES_C_0402","79.0500","7.0500","270","Resistor"
"R111","Resistor","BottomLayer","RES_C_0402","148.0750","87.8000","0","Resistor"
"R110","Resistor","BottomLayer","RES_C_0402","47.3250","10.6500","0","Resistor"
"R108","Resistor","BottomLayer","RES_C_0402","116.0497","7.0500","270","Resistor"
"R107","Resistor","BottomLayer","RES_C_0402","47.3250","13.6500","180","Resistor"
"R106","Resistor","BottomLayer","RES_C_0402","47.3250","15.6500","0","Resistor"
"R105","Resistor","TopLayer","RES_C_0402","75.3500","7.4250","270","Resistor"
"R103","Resistor","BottomLayer","RES_C_0402","47.3250","14.6500","180","Resistor"
"R102","Resistor","BottomLayer","RES_C_0402","113.0497","7.0500","270","Resistor"
"R101","Resistor","BottomLayer","RES_C_0402","147.9753","14.0250","90","Resistor"
"R100","Resistor","BottomLayer","RES_C_0402","150.8750","87.6000","0","Resistor"
"R98","Resistor","BottomLayer","RES_C_0402","148.0750","88.7500","0","Resistor"
"R97","Resistor","BottomLayer","RES_C_0402","58.8997","23.7250","180","Resistor"
"R92","Resistor","TopLayer","RES_C_0402","53.5000","89.3500","180","Resistor"
"R96","Resistor","BottomLayer","RES_C_0402","58.9000","22.3000","180","Resistor"
"R91","Resistor","TopLayer","RES_C_0402","71.9500","85.7750","0","Resistor"
"R95","Resistor","BottomLayer","RES_C_0402","55.0500","23.3250","180","Resistor"
"R89","Resistor","BottomLayer","RES_C_0402","79.4250","96.9750","90","Resistor"
"R87","Resistor","BottomLayer","RES_C_0402","78.0250","96.9750","90","Resistor"
"R85","Resistor","TopLayer","RES_C_0402","55.4000","89.3500","180","Resistor"
"R93","Resistor","TopLayer","RES_C_0402","65.1750","23.7250","90","Resistor"
"R84","Resistor","TopLayer","RES_C_0402","53.5000","88.3500","180","Resistor"
"R83","Resistor","TopLayer","RES_C_0402","55.4000","88.3500","180","Resistor"
"R90","Resistor","TopLayer","RES_C_0402","60.6750","71.0000","180","Resistor"
"R81","Resistor","TopLayer","RES_C_0402","71.9500","86.7750","0","Resistor"
"R88","Resistor","TopLayer","RES_C_0402","60.6762","72.9931","180","Resistor"
"R79","Resistor","BottomLayer","RES_C_0402","78.7750","101.9750","0","Resistor"
"R86","Resistor","TopLayer","RES_C_0402","60.6750","72.0000","180","Resistor"
"R77","Resistor","BottomLayer","RES_C_0402","76.8750","101.9750","180","Resistor"
"R82","Resistor","BottomLayer","RES_C_0402","108.9750","7.0500","270","Resistor"
"R80","Resistor","BottomLayer","RES_C_0402","109.9750","7.0500","270","Resistor"
"R78","Resistor","TopLayer","RES_C_0402","67.6000","64.2000","90","Resistor"
"R65","Resistor","TopLayer","RES_C_0402","67.2250","70.8500","180","Resistor"
"R76","Resistor","TopLayer","RES_C_0402","156.2250","84.9250","90","Resistor"
"R75","Resistor","TopLayer","RES_C_0402","157.2250","84.9250","90","Resistor"
"R64","Resistor","TopLayer","RES_C_0402","67.2250","69.8500","180","Resistor"
"R63","Resistor","BottomLayer","RES_C_0402","138.4500","22.9500","0","Resistor"
"R74","Resistor","TopLayer","RES_C_0402","155.6750","89.3000","180","Resistor"
"R72","Resistor","TopLayer","RES_C_0402","157.5750","89.3000","0","Resistor"
"R62","Resistor","BottomLayer","RES_C_0402","138.4500","23.9500","0","Resistor"
"R69","Resistor","TopLayer","RES_C_0402","148.4250","90.4500","0","Resistor"
"R59","Resistor","TopLayer","RES_C_0402","67.2250","68.8500","180","Resistor"
"R67","Resistor","TopLayer","RES_C_0402","148.4250","89.4500","0","Resistor"
"R58","Resistor","BottomLayer","RES_C_0402","138.4500","25.5500","0","Resistor"
"R55","Resistor","BottomLayer","RES_C_0402","70.3000","82.6750","90","Resistor"
"R54","Resistor","BottomLayer","RES_C_0402","138.4500","26.6250","0","Resistor"
"R51","Resistor","TopLayer","RES_C_0402","67.2250","67.8500","180","Resistor"
"R50","Resistor","BottomLayer","RES_C_0402","138.4500","27.6250","0","Resistor"
"R46","Resistor","BottomLayer","RES_C_0201","95.7500","68.0630","270","Resistor"
"R42","Resistor","TopLayer","RES_C_0402","95.5000","48.6250","90","Resistor"
"R41","Resistor","TopLayer","RES_C_0402","96.5000","48.6250","90","Resistor"
"R40","Resistor","BottomLayer","RES_C_0201","85.1250","66.6750","90","Resistor"
"R39","Resistor","BottomLayer","RES_C_0201","88.7000","54.3250","90","Resistor"
"R38","Resistor","TopLayer","RES_C_0201","89.0250","50.8500","90","Resistor"
"R37","Resistor","BottomLayer","RES_C_0201","87.7250","64.0500","270","Resistor"
"R36","Resistor","BottomLayer","RES_C_0201","87.7250","60.8250","0","Resistor"
"R35","Resistor","BottomLayer","RES_C_0402","107.3250","22.8750","270","Resistor"
"R34","Resistor","BottomLayer","RES_C_0402","114.9750","23.2500","0","Resistor"
"R33","Resistor","BottomLayer","RES_C_0201","93.6750","60.5000","180","Resistor"
"R32","Shunt 4 Pin","TopLayer","RES_C_1206_SHUNT","125.9000","80.9000","270","Shunt"
"R31","Shunt 4 Pin","TopLayer","RES_C_1206_SHUNT","123.4750","80.9000","270","Shunt"
"R30","Shunt 4 Pin","TopLayer","RES_C_1206_SHUNT","144.1500","80.9000","270","Shunt"
"R29","Shunt 4 Pin","TopLayer","RES_C_1206_SHUNT","141.7000","80.9000","270","Shunt"
"R28","Resistor","TopLayer","RES_C_0402","130.4250","80.1250","180","Resistor"
"R27","Resistor","TopLayer","RES_C_0402","135.4000","81.4750","180","Resistor"
"R26","Resistor","TopLayer","RES_C_0402","137.5750","79.3000","0","Resistor"
"R25","Resistor","TopLayer","RES_C_0402","131.1750","82.0000","270","Resistor"
"R24","Resistor","TopLayer","RES_C_0402","132.1750","82.0000","270","Resistor"
"R23","Resistor","BottomLayer","RES_C_0402","102.5250","46.7000","90","Resistor"
"R22","Resistor","BottomLayer","RES_C_0402","4.7750","86.3250","0","Resistor"
"R21","Resistor","BottomLayer","RES_C_0402","4.7750","87.3250","0","Resistor"
"R20","Resistor","BottomLayer","RES_C_0402","139.4250","82.2250","270","Resistor"
"R19","Resistor","BottomLayer","RES_C_0402","126.6250","92.5500","0","Resistor"
"R17","Resistor","BottomLayer","RES_C_0402","15.1000","91.4750","90","Resistor"
"R15","Resistor","BottomLayer","RES_C_0402","18.8000","118.4500","0","Resistor"
"R14","Resistor","TopLayer","RES_C_0402","122.5500","110.5250","180","Resistor"
"R12","Resistor","BottomLayer","RES_C_0603","117.6500","93.4250","180","Resistor"
"R11","Resistor","BottomLayer","RES_C_0603","123.3750","92.7250","180","Resistor"
"R13","Resistor","TopLayer","RES_C_0402","122.5500","111.5250","180","Resistor"
"R9","Resistor","BottomLayer","RES_C_0402","152.3750","106.2250","90","Resistor"
"R57","Resistor","TopLayer","RES_C_0402","67.3750","51.5250","270","Resistor"
"R10","Resistor","TopLayer","RES_C_0402","50.4250","56.0750","180","Resistor"
"R6","Resistor","BottomLayer","RES_C_0402","145.6000","113.2750","180","Resistor"
"R8","Resistor","TopLayer","RES_C_0402","49.5250","57.0750","0","Resistor"
"R7","Resistor","TopLayer","RES_C_0402","54.2250","56.6750","180","Resistor"
"R5","Resistor","BottomLayer","RES_C_0402","51.8750","37.9750","180","Resistor"
"R3","Resistor","TopLayer","RES_C_0402","158.8500","106.0750","90","Resistor"
"R4","Resistor","TopLayer","RES_C_0402","48.1250","45.6500","90","Resistor"
"R2","Resistor","TopLayer","RES_C_0402","48.1250","47.5500","270","Resistor"
"R1","Resistor","TopLayer","RES_C_0402","56.0750","46.5500","0","Resistor"
"Q13","Transistor MOS-N GSD","TopLayer","SOT-23-3","12.4250","34.6250","180","Transistor MOS"
"Q12","Transistor MOS-N GSD","TopLayer","SOT-23-3","8.9250","34.6250","180","Transistor MOS"
"Q11","Transistor MOS-N GSD","TopLayer","SOT-23-3","50.5750","72.6000","270","Transistor MOS"
"Q10","Transistor MOS-N GSD","TopLayer","SOT-23-3","50.5750","76.1000","270","Transistor MOS"
"Q9","Transistor MOS-N GSD","TopLayer","SOT-23-3","60.0000","76.2500","90","Transistor MOS"
"Q8","Transistor MOS-N GSD","BottomLayer","SOT-23-3","35.9250","66.3250","270","Transistor MOS"
"Q5","Transistor MOS-P SSSGDDDD","BottomLayer","SOIC-8","147.8000","116.6000","180","Transistor MOS"
"Q4","Transistor MOS-P SSSGDDDD","BottomLayer","SOIC-8","140.3000","116.6050","0","Transistor MOS"
"Q3","Transistor MOS-P SSSGDDDD","BottomLayer","SOIC-8","140.2500","106.6450","0","Transistor MOS"
"Q2","Transistor MOS-P SSSGDDDD","BottomLayer","SOIC-8","147.7500","106.6450","180","Transistor MOS"
"Q1","Transistor MOS-P SSSGDDDD","TopLayer","SOIC-8","154.5000","104.6550","180","Transistor MOS"
"PAD5","Rubber Pad Cylindrical Taper","BottomLayer","BUMP_BUMPERSPECIALTIES_BS11BL04X08RP_CYLINDRICAL_BLACK_D16.51H10.16","-327.1800","-409.5800","180",""
"PAD4","Rubber Pad Cylindrical Taper","BottomLayer","BUMP_BUMPERSPECIALTIES_BS11BL04X08RP_CYLINDRICAL_BLACK_D16.51H10.16","-327.1800","-409.5800","180",""
"PAD3","Rubber Pad Cylindrical Taper","BottomLayer","BUMP_BUMPERSPECIALTIES_BS11BL04X08RP_CYLINDRICAL_BLACK_D16.51H10.16","-327.1800","-409.5800","180",""
"PAD2","Rubber Pad Cylindrical Taper","BottomLayer","BUMP_BUMPERSPECIALTIES_BS11BL04X08RP_CYLINDRICAL_BLACK_D16.51H10.16","-327.1800","-409.5800","180",""
"PAD1","Rubber Pad Cylindrical Taper","BottomLayer","BUMP_BUMPERSPECIALTIES_BS11BL04X08RP_CYLINDRICAL_BLACK_D16.51H10.16","-327.1800","-409.5800","180",""
"LABEL1","08-10015","BottomLayer","08-10015","-327.1800","-409.5800","180",""
"L6","Inductor","TopLayer","IND_C_1008","128.3000","85.6000","270","Inductor"
"L5","Inductor","TopLayer","IND_C_1008","128.3000","89.4000","90","Inductor"
"L4","Inductor","TopLayer","IND_C_1008","139.3000","89.4000","90","Inductor"
"L3","Inductor","TopLayer","IND_C_1008","139.3000","85.6000","270","Inductor"
"L2","Inductor","TopLayer","IND_C_1212","48.9750","52.0750","180","Inductor"
"L1","Inductor","TopLayer","IND_C_1212","51.5750","46.3750","180","Inductor"
"J39","Header 1x2","TopLayer","HDR_M_2.54_1x2","69.7500","65.8050","90",""
"J38","Header 2x10","TopLayer","HDR_M_2.54_2X10_SBH11-PBPC-D10-ST-BK","147.0000","6.0000","0",""
"J36","Header 1x2","TopLayer","HDR_M_2.54_1x2","76.0000","83.3500","180",""
"J35","Header 1x6","TopLayer","HDR_M_2.54_1x6","4.9000","28.9000","270",""
"J32","Header 2x3","TopLayer","HDR_M_2.54_2x3","130.6000","37.2750","270",""
"J31","CON TERM BLK 1x3 TH Mount","TopLayer","CON_TERMINAL_3.5_1x3_TH_RA_PHO_1985205","144.8750","49.2500","90",""
"J30","CON TERM BLK 1x3 TH Mount","TopLayer","CON_TERMINAL_3.5_1x3_TH_RA_PHO_1985205","132.2750","49.2500","90",""
"J29","CON TERM BLK 1x3 TH Mount","TopLayer","CON_TERMINAL_3.5_1x3_TH_RA_PHO_1985205","157.4750","49.2500","90",""
"J28","Header 1x4","TopLayer","HDR_F_2.54_1x4","59.0000","100.9000","0",""
"J27","Header 1x4","TopLayer","HDR_F_2.54_1x4","145.9000","28.0000","270",""
"J26","SOCKET mikroBUS HOST","TopLayer","SOCKET_mikroBUS_F_2.54_2x8_V_25.4x21_original","59.0000","104.6000","0",""
"J25","SOCKET mikroBUS HOST","TopLayer","SOCKET_mikroBUS_F_2.54_2x8_V_25.4x21_original","149.6000","28.0000","270",""
"J24","CON USB2.0 A-B","TopLayer","CON_USB2.0-A_TH_RA_FCI_87520-0010BLF","84.2000","108.9175","180","Connector USB"
"J23","CON USB2.0 A-B","TopLayer","CON_USB2.0-A_TH_RA_FCI_87520-0010BLF","107.8500","108.9175","180","Connector USB"
"J22","Header 2x4","TopLayer","HDR_F_2.54_2x4","118.0000","85.0000","90",""
"J21","Header 2x4","TopLayer","HDR_F_2.54_2x4","60.0000","85.0000","0",""
"J20","Header 2x4","TopLayer","HDR_F_2.54_2x4","123.0000","36.0000","90",""
"J19","Header 2x4","TopLayer","HDR_F_2.54_2x4","55.0000","36.0000","90",""
"J18","Header 2x20","TopLayer","HDR_M_2.54_2x20","95.0000","3.0000","0",""
"J17","CON FFC 1x30","TopLayer","CON_FPC_0.5_FEMALE_2X15_SMD_MLX_52559-3052","152.1500","90.5500","90",""
"J16","CON FFC 1x34","TopLayer","CON_FPC_0.5_FEMALE_2X17_SMD_AMPHENOL_F314-1A7H1-11034","161.0000","92.1250","90",""
"J15","Header 2x130 EDGE CARD","TopLayer","CON_EDGE-CARD_DDR4_260P_SODIMM_2309413","32.0500","78.5000","270",""
"J14","CON_RJ-45_TH_RA_PULSE_JXD1-0019NL","TopLayer","CON_RJ-45_TH_RA_PULSE_JXD1-0019NL","154.5650","64.2000","90",""
"J11","CONN EDGE DUAL FEMALE_2199230-4","TopLayer","CON_EDGE-CARD_SMD_RA_TE_2199230-4","48.1800","17.3400","270",""
"J10","SD-114-00841-68","BottomLayer","CON_SD_GSD090012SEU","14.4500","65.1750","90",""
"J7","Header 1x3","TopLayer","HDR_M_2.54_1x3","77.8400","100.3750","0",""
"J6","Header 1x3","TopLayer","HDR_M_2.54_1x3","77.8400","103.5750","0",""
"J5","CON USB2.0 Mini_Micro","BottomLayer","CON_USB_Micro-AB_SMD_RA_MOLEX_0475890001","3.3760","93.1750","90",""
"J4","Header 1x2","TopLayer","HDR_M_2.54_1x2","131.2500","110.3000","180",""
"J3","CON USB-2.0 C","TopLayer","CON_USB2.0-C_SMD_RA_USB4520","125.5450","115.7625","180","USB 2.0 type C connector"
"J2","Header 1x3","TopLayer","HDR_M_2.54_1x3","50.0500","37.2750","270",""
"J1","CON JACK 2C 3P SPST","TopLayer","CON_JACK_POWER_TH_RA_PJ-ID2.10_OD5.50","158.2500","113.3500","270",""
"H1","BPC2J5","TopLayer","BPC2J5","-327.1800","-409.5800","0",""
"FD4","FIDUCIAL ROUND","TopLayer","Fiducial_1mm","1.5000","118.5000","0","Fiducial"
"FD3","FIDUCIAL ROUND","TopLayer","Fiducial_1mm","163.5000","1.5500","0","Fiducial"
"FD2","FIDUCIAL ROUND","BottomLayer","Fiducial_1mm","1.5000","1.5000","180","Fiducial"
"FD1","FIDUCIAL ROUND","BottomLayer","Fiducial_1mm","160.6000","118.5000","180","Fiducial"
"FB20","Ferrite Bead","BottomLayer","IND_C_0603","92.5250","112.9000","180",""
"FB19","Ferrite Bead","BottomLayer","IND_C_0603","79.9500","105.4750","180",""
"FB18","Ferrite Bead","BottomLayer","IND_C_0603","90.7250","107.4000","0",""
"FB17","Ferrite Bead","BottomLayer","IND_C_0603","99.5250","112.8750","0",""
"FB16","Ferrite Bead","BottomLayer","IND_C_0603","103.2000","105.3250","180",""
"FB9","Ferrite Bead","BottomLayer","IND_C_0603","142.4750","66.9500","270",""
"FB8","Ferrite Bead","BottomLayer","IND_C_0603","141.1750","67.0000","90",""
"FB7","Ferrite Bead","BottomLayer","IND_C_0603","141.3250","62.3750","180",""
"FB3","Ferrite Bead","BottomLayer","IND_C_0603","3.3000","99.0750","180",""
"FB2","Ferrite Bead","TopLayer","IND_C_0603","118.5250","115.2500","90",""
"FB1","Ferrite Bead","TopLayer","IND_C_0603","132.9250","113.6250","90",""
"D11","LED_RGB_CLV1A","TopLayer","PLCC-4_CLV1A-FKB","55.3250","75.6750","90",""
"D10","ESD_ECMF02-4CMX8","TopLayer","DIODE_ESD_ECMF02-4CMX8","84.2000","104.2750","270","IC ESD FILTER COMM MODE 8-UQFN"
"D7","Diode Schottky Dual CK","TopLayer","SOT-23-3","54.6250","60.3000","90",""
"D6","Diode Schottky Dual CK","BottomLayer","SOT-23-3","56.1250","20.1000","270",""
"D5","Diode Schottky Dual CA","BottomLayer","SOT-23-3","32.2000","65.1000","0",""
"D4","LED_green","TopLayer","LED_0603_GREEN","16.0750","118.4500","180","LED"
"D3","Diode Schottky Dual CK","BottomLayer","SOT-23-3","132.5500","112.8000","270",""
"D2","ESD_ECMF02-4CMX8","TopLayer","DIODE_ESD_ECMF02-4CMX8","125.3000","110.2000","270","IC ESD FILTER COMM MODE 8-UQFN"
"D1","Diode Zener","TopLayer","SOD-123","161.7250","106.2250","0",""
"C213","Capacitor NP","TopLayer","CAP_C_0603","8.3000","27.7250","180",""
"C212","Capacitor NP","TopLayer","CAP_C_0603","11.1250","30.2750","90",""
"C211","Capacitor NP","TopLayer","CAP_C_0402","71.2000","9.6250","270",""
"C210","Capacitor NP","TopLayer","CAP_C_0603","118.6500","9.9250","270",""
"C209","Capacitor NP","TopLayer","CAP_C_0402","108.2000","9.5750","270",""
"C208","Capacitor NP","TopLayer","CAP_C_0603","90.3250","9.9750","270",""
"C207","Capacitor NP","BottomLayer","CAP_C_0402","148.7500","47.4000","0",""
"C206","Capacitor NP","BottomLayer","CAP_C_0402","150.3000","49.6500","90",""
"C205","Capacitor NP","BottomLayer","CAP_C_0402","146.5500","47.4000","0",""
"C204","Capacitor NP","BottomLayer","CAP_C_0402","140.3000","49.0000","90",""
"C203","Capacitor NP","BottomLayer","CAP_C_0402","135.8750","47.3750","0",""
"C202","Capacitor NP","BottomLayer","CAP_C_0402","137.4250","49.6250","90",""
"C201","Capacitor NP","BottomLayer","CAP_C_0402","133.7250","47.3750","0",""
"C200","Capacitor NP","BottomLayer","CAP_C_0402","161.3500","47.4500","0",""
"C199","Capacitor NP","BottomLayer","CAP_C_0402","162.8750","49.7500","90",""
"C198","Capacitor NP","BottomLayer","CAP_C_0402","159.1500","47.4500","0",""
"C197","Capacitor NP","BottomLayer","CAP_C_0402","127.7250","49.0000","90",""
"C196","Capacitor NP","BottomLayer","CAP_C_0402","153.0750","49.0500","90",""
"C195","Capacitor NP","BottomLayer","CAP_C_0603","72.7750","99.7500","270",""
"C194","Capacitor NP","BottomLayer","CAP_C_0402","72.6250","97.4000","90",""
"C193","Capacitor NP","BottomLayer","CAP_C_0402","45.5250","97.4500","90",""
"C192","Capacitor NP","BottomLayer","CAP_C_0603","45.4500","99.8000","270",""
"C191","Capacitor NP","BottomLayer","CAP_C_0603","144.5250","14.3250","180",""
"C190","Capacitor NP","BottomLayer","CAP_C_0402","142.1750","14.4250","0",""
"C189","Capacitor NP","BottomLayer","CAP_C_0402","144.4250","41.5000","180",""
"C188","Capacitor NP","BottomLayer","CAP_C_0603","141.9750","41.6500","0",""
"C187","Capacitor NP","BottomLayer","CAP_C_0402","80.7500","109.9250","270",""
"C186","Capacitor NP","BottomLayer","CAP_C_0603","96.1000","102.6250","270",""
"C185","Capacitor NP","BottomLayer","CAP_C_0402","85.4250","105.4750","180",""
"C184","Capacitor NP","BottomLayer","CAP_C_0805","87.6750","104.5250","270",""
"C183","Capacitor NP","BottomLayer","CAP_C_1210","90.8250","104.5500","270","Capacitor"
"C182","Capacitor NP","BottomLayer","CAP_C_0402","99.7000","104.6750","180",""
"C181","Capacitor NP","BottomLayer","CAP_C_0805","99.2250","106.1250","180",""
"C180","Capacitor NP","BottomLayer","CAP_C_0402","104.7250","109.9250","270",""
"C179","Capacitor NP","BottomLayer","CAP_C_0603","102.9500","102.6250","270",""
"C178","Capacitor NP","BottomLayer","CAP_C_0402","110.3500","104.6750","270",""
"C177","Capacitor NP","BottomLayer","CAP_C_0805","111.7500","104.3500","270",""
"C176","Capacitor NP","BottomLayer","CAP_C_1210","114.1500","104.9500","270","Capacitor"
"C171","Capacitor NP","TopLayer","CAP_C_0805","44.3250","48.1750","270",""
"C170","Capacitor NP","TopLayer","CAP_C_0603","42.7250","47.9750","270",""
"C169","Capacitor NP","TopLayer","CAP_C_0805","44.5750","44.4750","90",""
"C168","Capacitor NP","TopLayer","CAP_C_0603","42.9750","44.6250","90",""
"C167","Capacitor NP","TopLayer","CAP_C_0603","42.7250","51.2250","90",""
"C166","Capacitor NP","TopLayer","CAP_C_0805","44.3250","51.4250","270",""
"C164","Capacitor NP","TopLayer","CAP_C_0402","139.6500","62.3000","180",""
"C163","Capacitor NP","TopLayer","CAP_C_0402","137.7500","62.3000","0",""
"C161","Capacitor NP","BottomLayer","CAP_C_1206","155.1000","64.7000","180",""
"C160","Capacitor NP","TopLayer","CAP_C_0402","133.6000","57.8250","0",""
"C159","Capacitor NP","BottomLayer","CAP_C_0402","137.6500","72.1250","270",""
"C158","Capacitor NP","BottomLayer","CAP_C_0402","135.6500","65.3750","90",""
"C157","Capacitor NP","BottomLayer","CAP_C_0402","137.9250","65.2250","90",""
"C156","Capacitor NP","BottomLayer","CAP_C_0402","133.0500","66.7500","0",""
"C155","Capacitor NP","BottomLayer","CAP_C_0603","139.2500","66.0000","90",""
"C154","Capacitor NP","BottomLayer","CAP_C_0402","132.8750","69.0750","0",""
"C153","Capacitor NP","BottomLayer","CAP_C_0402","134.5500","71.8250","0",""
"C152","Capacitor NP","TopLayer","CAP_C_0402","135.3250","62.1250","270","Capacitor"
"C151","Capacitor NP","BottomLayer","CAP_C_0402","139.5500","67.9000","180",""
"C150","Capacitor NP","BottomLayer","CAP_C_0603","132.9500","71.0000","270",""
"C149","Capacitor NP","BottomLayer","CAP_C_0402","139.5250","70.3500","180",""
"C148","Capacitor NP","BottomLayer","CAP_C_0603","140.0750","69.0500","180",""
"C147","Capacitor NP","BottomLayer","CAP_C_0402","134.4750","65.3500","90",""
"C146","Capacitor NP","TopLayer","CAP_C_0402","135.3250","59.5250","90","Capacitor"
"C145","Capacitor NP","BottomLayer","CAP_C_0402","131.8250","71.5500","90",""
"C144","Capacitor NP","BottomLayer","CAP_C_0402","140.8750","64.9500","0",""
"C143","Capacitor NP","BottomLayer","CAP_C_0402","135.2000","72.8250","0",""
"C142","Capacitor NP","BottomLayer","CAP_C_0402","139.2500","71.4250","180",""
"C141","Capacitor NP","BottomLayer","CAP_C_0402","133.0500","67.8500","0",""
"C140","Capacitor NP","BottomLayer","CAP_C_0603","141.3250","63.6750","0",""
"C139","Capacitor NP","BottomLayer","CAP_C_0603","132.5000","65.0750","180",""
"C138","Capacitor NP","TopLayer","CAP_C_0402","56.7250","17.3500","180",""
"C136","Capacitor NP","BottomLayer","CAP_C_0603","47.3250","24.0250","180",""
"C135","Capacitor NP","BottomLayer","CAP_C_0805","47.5250","25.5750","180",""
"C133","Capacitor NP","BottomLayer","CAP_C_0603","29.1750","65.9500","90",""
"C132","Capacitor NP","BottomLayer","CAP_C_0402","27.9750","65.5000","90",""
"C131","Capacitor NP","BottomLayer","CAP_C_0805","30.5000","61.4750","270",""
"C129","Capacitor NP","BottomLayer","CAP_C_0402","33.4750","57.3000","90",""
"C128","Capacitor NP","BottomLayer","CAP_C_0603","38.2000","59.9750","90",""
"C127","Capacitor POL","BottomLayer","CAP_TANT_A","36.8750","56.1500","0","Capacitor"
"C125","Capacitor NP","TopLayer","CAP_C_0402","71.5500","69.1250","180",""
"C124","Capacitor NP","BottomLayer","CAP_C_0402","72.3250","77.1500","90",""
"C123","Capacitor NP","BottomLayer","CAP_C_0402","74.1250","75.6000","90",""
"C122","Capacitor NP","BottomLayer","CAP_C_0402","71.4250","79.5000","90",""
"C121","Capacitor NP","BottomLayer","CAP_C_0402","76.2750","76.3000","90",""
"C120","Capacitor NP","TopLayer","CAP_C_0402","72.8000","88.8250","270",""
"C77","Capacitor NP","TopLayer","CAP_C_0402","93.7500","46.1250","0",""
"C76","Capacitor NP","TopLayer","CAP_C_0402","91.8500","46.1250","180",""
"C71","Capacitor NP","TopLayer","CAP_C_0402","95.0500","47.1750","180",""
"C74","Capacitor NP","BottomLayer","CAP_C_0201","91.8250","55.9500","270",""
"C73","Capacitor NP","BottomLayer","CAP_C_0201","94.4250","59.2000","0",""
"C72","Capacitor NP","BottomLayer","CAP_C_0201","93.5750","56.2750","180",""
"C65","Capacitor NP","TopLayer","CAP_C_0402","96.9500","47.1750","0",""
"C70","Capacitor NP","BottomLayer","CAP_C_0201","90.0000","66.7250","90",""
"C119","Capacitor NP","BottomLayer","CAP_C_0201","108.5370","75.7000","0",""
"C118","Capacitor NP","BottomLayer","CAP_C_0201","100.8000","78.9250","90",""
"C117","Capacitor NP","TopLayer","CAP_C_0201","98.5870","72.3750","180",""
"C69","Capacitor NP","BottomLayer","CAP_C_0201","86.4250","63.4250","270",""
"C115","Capacitor NP","TopLayer","CAP_C_0201","98.5870","70.6500","0",""
"C68","Capacitor NP","BottomLayer","CAP_C_0201","96.2000","56.3750","0",""
"C113","Capacitor NP","BottomLayer","CAP_C_0201","90.9750","64.7250","90",""
"C111","Capacitor NP","BottomLayer","CAP_C_0201","96.6500","64.4000","0",""
"C66","Capacitor NP","BottomLayer","CAP_C_0402","96.2250","57.1500","180",""
"C109","Capacitor NP","BottomLayer","CAP_C_0201","92.5250","64.4000","90",""
"C67","Capacitor NP","BottomLayer","CAP_C_0201","88.0500","66.7250","90",""
"C107","Capacitor NP","BottomLayer","CAP_C_0201","94.2250","64.0750","270",""
"C106","Capacitor NP","BottomLayer","CAP_C_0201","93.6250","64.0750","270",""
"C64","Capacitor NP","BottomLayer","CAP_C_0201","83.7750","62.4500","180",""
"C104","Capacitor NP","BottomLayer","CAP_C_0201","91.9500","66.7250","90",""
"C63","Capacitor NP","BottomLayer","CAP_C_0402","92.8000","58.8250","0",""
"C102","Capacitor NP","BottomLayer","CAP_C_0201","92.2250","62.3750","0",""
"C62","Capacitor NP","BottomLayer","CAP_C_0201","92.2000","58.0750","180",""
"C100","Capacitor NP","BottomLayer","CAP_C_0201","92.9250","63.4250","0",""
"C99","Capacitor NP","BottomLayer","CAP_C_0201","93.9000","67.0750","270",""
"C61","Capacitor NP","BottomLayer","CAP_C_0201","83.7750","58.5500","180",""
"C97","Capacitor NP","BottomLayer","CAP_C_0201","106.6250","76.9000","90","Capacitor"
"C96","Capacitor NP","BottomLayer","CAP_C_0201","102.2000","81.3000","270","Capacitor"
"C60","Capacitor NP","BottomLayer","CAP_C_0201","96.2250","60.5000","0",""
"C94","Capacitor NP","BottomLayer","CAP_C_0201","101.6000","82.1000","270","Capacitor"
"C93","Capacitor NP","BottomLayer","CAP_C_0201","100.8000","72.5000","270","Capacitor"
"C59","Capacitor NP","BottomLayer","CAP_C_0201","91.3000","56.2250","270",""
"C91","Capacitor NP","BottomLayer","CAP_C_0201","100.8000","83.7000","270","Capacitor"
"C90","Capacitor NP","BottomLayer","CAP_C_0201","109.0250","80.5000","270","Capacitor"
"C58","Capacitor NP","BottomLayer","CAP_C_0201","86.1000","54.1500","270",""
"C88","Capacitor NP","BottomLayer","CAP_C_0201","109.2000","74.1000","270","Capacitor"
"C87","Capacitor NP","BottomLayer","CAP_C_0201","103.0000","83.3000","0","Capacitor"
"C57","Capacitor NP","BottomLayer","CAP_C_0201","88.7000","64.7750","90",""
"C85","Capacitor NP","BottomLayer","CAP_C_0201","100.8000","74.1000","270","Capacitor"
"C56","Capacitor NP","BottomLayer","CAP_C_0201","86.1000","66.7250","90",""
"C83","Capacitor NP","BottomLayer","CAP_C_0201","109.0250","82.9000","90","Capacitor"
"C82","Capacitor NP","BottomLayer","CAP_C_0201","102.2000","79.7000","90","Capacitor"
"C55","Capacitor NP","BottomLayer","CAP_C_0201","83.7750","60.5000","180",""
"C80","Capacitor NP","BottomLayer","CAP_C_0201","102.6000","77.7000","0","Capacitor"
"C54","Capacitor NP","BottomLayer","CAP_C_0201","88.7000","56.2250","270",""
"C78","Capacitor NP","BottomLayer","CAP_C_0402","107.8000","85.1250","180","Capacitor"
"C53","Capacitor NP","BottomLayer","CAP_C_0402","83.7750","66.2000","90",""
"C52","Capacitor NP","BottomLayer","CAP_C_0201","85.7250","59.2000","180",""
"C51","Capacitor NP","BottomLayer","CAP_C_0201","87.0750","63.4250","270",""
"C50","Capacitor NP","BottomLayer","CAP_C_0201","87.0500","64.7250","0",""
"C49","Capacitor NP","BottomLayer","CAP_C_0201","87.0750","56.9250","180",""
"C48","Capacitor NP","BottomLayer","CAP_C_0201","83.7750","64.9500","180",""
"C47","Capacitor NP","BottomLayer","CAP_C_0201","83.7750","64.4000","180",""
"C46","Capacitor NP","BottomLayer","CAP_C_0201","88.0500","59.2750","180",""
"C45","Capacitor NP","BottomLayer","CAP_C_0201","85.3750","64.4000","270",""
"C44","Capacitor NP","BottomLayer","CAP_C_0201","96.5000","53.9250","0",""
"C43","Capacitor NP","BottomLayer","CAP_C_0201","87.9750","61.8000","90",""
"C42","Capacitor NP","BottomLayer","CAP_C_0201","91.6000","58.9000","270",""
"C41","Capacitor NP","BottomLayer","CAP_C_0201","93.5750","57.5750","0",""
"C40","Capacitor NP","BottomLayer","CAP_C_0201","96.3250","58.5500","0",""
"C39","Capacitor NP","BottomLayer","CAP_C_0201","85.7250","61.8000","180",""
"C38","Capacitor NP","BottomLayer","CAP_C_0402","96.5500","54.9750","0",""
"C37","Capacitor NP","BottomLayer","CAP_C_0201","83.5000","53.9250","180",""
"C36","Capacitor NP","BottomLayer","CAP_C_0201","86.7500","57.9750","0",""
"C35","Capacitor NP","BottomLayer","CAP_C_0201","85.7750","56.9250","90",""
"C34","Capacitor NP","BottomLayer","CAP_C_0201","83.7750","56.6000","180",""
"C33","Capacitor NP","BottomLayer","CAP_C_0201","87.0750","56.2750","0",""
"C32","Capacitor NP","BottomLayer","CAP_C_0402","83.4250","54.9750","180",""
"C31","Capacitor NP","TopLayer","CAP_C_0402","133.4000","92.0750","270","Capacitor"
"C30","Capacitor NP","TopLayer","CAP_C_0402","134.7000","92.0750","270","Capacitor"
"C29","Capacitor NP","TopLayer","CAP_C_0402","133.5500","82.7750","90","Capacitor"
"C28","Capacitor NP","BottomLayer","CAP_C_0402","134.0500","92.1500","270","Capacitor"
"C27","Capacitor NP","TopLayer","CAP_C_0805","125.9000","85.5500","90",""
"C26","Capacitor NP","TopLayer","CAP_C_0402","137.4000","84.6750","90","Capacitor"
"C25","Capacitor NP","TopLayer","CAP_C_0805","125.9000","89.4500","270",""
"C24","Capacitor NP","TopLayer","CAP_C_0402","137.4000","90.3250","270","Capacitor"
"C23","Capacitor NP","BottomLayer","CAP_C_0402","135.3750","81.6500","180",""
"C22","Capacitor NP","BottomLayer","CAP_C_0402","137.8250","78.1500","180",""
"C21","Capacitor NP","BottomLayer","CAP_C_0402","135.3750","80.6500","180","Capacitor"
"C20","Capacitor NP","BottomLayer","CAP_C_0402","137.8215","79.1493","180","Capacitor"
"C19","Capacitor NP","TopLayer","CAP_C_0805","141.7000","89.4500","270",""
"C18","Capacitor NP","TopLayer","CAP_C_0402","130.2000","90.3250","270","Capacitor"
"C17","Capacitor NP","TopLayer","CAP_C_0805","141.7000","85.5500","90",""
"C16","Capacitor NP","TopLayer","CAP_C_0402","130.2000","84.7000","90","Capacitor"
"C15","Capacitor NP","BottomLayer","CAP_C_0402","15.5250","94.8000","0",""
"C14","Capacitor NP","BottomLayer","CAP_C_0402","6.6000","90.3500","270",""
"C13","Capacitor NP","TopLayer","CAP_C_0402","118.5250","112.8750","270",""
"C12","Capacitor NP","BottomLayer","CAP_C_0402","135.8500","116.7000","270",""
"C11","Capacitor NP","BottomLayer","CAP_C_0603","134.6000","116.8750","90",""
"C137","Capacitor NP","TopLayer","CAP_C_0402","63.8000","25.7250","270",""
"C10","Capacitor NP","TopLayer","CAP_C_0603","49.4500","54.9250","0",""
"C9","Capacitor NP","TopLayer","CAP_C_0402","55.1250","55.6750","180",""
"C7","Capacitor POL","TopLayer","CAP_AL_F","130.8250","104.3250","180","Capacitor"
"C6","Capacitor NP","BottomLayer","CAP_C_0402","153.4250","106.2250","90",""
"C8","Capacitor NP","TopLayer","CAP_C_0603","52.7750","55.5250","180",""
"C5","Capacitor NP","TopLayer","CAP_C_0603","49.9750","49.2250","0",""
"C4","Capacitor NP","TopLayer","CAP_C_0402","56.0750","47.5500","180",""
"C3","Capacitor NP","TopLayer","CAP_C_0603","54.4250","46.9000","270",""
"C2","Capacitor NP","BottomLayer","CAP_C_0603","154.7250","105.9500","270",""
"C1","Capacitor NP","TopLayer","CAP_C_0603","150.6750","108.1250","180",""
"BT1","Battery 2 Pin","TopLayer","BATT_HOLDER_12MM_3001","142.4500","111.9500","0","Battery"
